Index,Appliance,Reason,Severity
46,Dryer,Usage Spike,Medium
64,Dryer,Usage Spike,Medium
84,Television,Usage Spike,Medium
116,Television,Usage Spike,Medium
121,Dryer,Usage Spike,Medium
132,Dryer,Usage Spike,Medium
149,Television,Usage Spike,Medium
172,Television,Usage Spike,Medium
197,Dryer,Usage Spike,Medium
199,Dryer,Usage Spike,Medium
218,Television,Usage Spike,Medium
220,Dryer,Usage Spike,Medium
235,Refrigerator,Usage Spike,Medium
254,Television,Usage Spike,Medium
255,Television,Usage Spike,Medium
258,Television,Usage Spike,High
284,Dryer,Usage Spike,Medium
293,Dryer,Usage Spike,Medium
294,Television,Usage Spike,Medium
301,Television,Usage Spike,Medium
302,Dryer,Usage Spike,Medium
305,Television,Usage Spike,Medium
308,Television,Usage Spike,Medium
345,Television,Usage Spike,Medium
372,Television,Usage Spike,Medium
427,Dryer,Usage Spike,Medium
428,Television,Usage Spike,High
444,Television,Usage Spike,Medium
457,Television,Usage Spike,Medium
462,Television,Usage Spike,Medium
478,Refrigerator,Usage Spike,Medium
485,Dryer,Usage Spike,Medium
504,Television,Usage Spike,Medium
510,Television,Usage Spike,Medium
541,Television,Usage Spike,Medium
583,Dryer,Usage Spike,Medium
587,Television,Usage Spike,Medium
612,Dryer,Usage Spike,Medium
616,Dryer,Usage Spike,Medium
625,Oven,Usage Spike,Medium
638,Oven,Usage Spike,High
659,Television,Usage Spike,High
670,Television,Usage Spike,Medium
682,Television,Usage Spike,Medium
707,Refrigerator,Usage Spike,Medium
714,Television,Usage Spike,Medium
715,Television,Usage Spike,Medium
721,Dryer,Usage Spike,Medium
757,Dryer,Usage Spike,Medium
765,Television,Usage Spike,Medium
771,Oven,Usage Spike,Medium
813,Television,Usage Spike,Medium
828,Television,Usage Spike,Medium
842,Television,Usage Spike,Medium
854,Oven,Usage Spike,Medium
886,Dryer,Usage Spike,Medium
920,Microwave,Usage Spike,Medium
928,Refrigerator,Usage Spike,Medium
942,Television,Usage Spike,Medium
946,Television,Usage Spike,Medium
974,Television,Usage Spike,Medium
986,Dryer,Usage Spike,Medium
1015,Microwave,Usage Spike,Medium
1039,Television,Usage Spike,Medium
1045,Oven,Usage Spike,Medium
1126,Oven,Usage Spike,Medium
1143,Television,Usage Spike,Medium
1252,Television,Usage Spike,Medium
1259,Dryer,Usage Spike,Medium
1276,Television,Usage Spike,Medium
1281,Dryer,Usage Spike,Medium
1287,Television,Usage Spike,Medium
1296,Television,Usage Spike,Medium
1299,Dryer,Usage Spike,Medium
1301,Dryer,Usage Spike,Medium
1335,Television,Usage Spike,Medium
1351,Television,Usage Spike,High
1375,Oven,Usage Spike,Medium
1404,Dryer,Usage Spike,Medium
1409,Dryer,Usage Spike,Medium
1438,Television,Usage Spike,Medium
1489,Television,Usage Spike,Medium
1490,Television,Usage Spike,Medium
1557,Television,Usage Spike,Medium
1590,Television,Usage Spike,Medium
1642,Refrigerator,Usage Spike,Medium
1655,Television,Usage Spike,Medium
1676,Television,Usage Spike,Medium
1678,Oven,Usage Spike,Medium
1690,Dryer,Usage Spike,Medium
1694,Oven,Usage Spike,Medium
1697,Television,Usage Spike,High
1700,Dryer,Usage Spike,High
1701,Television,Usage Spike,Medium
1709,Television,Usage Spike,Medium
1829,Dryer,Usage Spike,Medium
1852,Television,Usage Spike,Medium
1930,Refrigerator,Usage Spike,Medium
1964,Television,Usage Spike,Medium
1970,Television,Usage Spike,Medium
1971,Television,Usage Spike,Medium
1975,Television,Usage Spike,Medium
2003,Television,Usage Spike,Medium
2005,Television,Usage Spike,Medium
2035,Dryer,Usage Spike,Medium
2068,Dryer,Usage Spike,High
2105,Dryer,Usage Spike,Medium
2117,Television,Usage Spike,Medium
2148,Television,Usage Spike,Medium
2162,Oven,Usage Spike,Medium
2184,Television,Usage Spike,Medium
2228,Television,Usage Spike,Medium
2230,Dryer,Usage Spike,Medium
2267,Television,Usage Spike,Medium
2280,Dryer,Usage Spike,Medium
2287,Television,Usage Spike,Medium
2301,Oven,Usage Spike,Medium
2324,Dryer,Usage Spike,High
2333,Television,Usage Spike,Medium
2351,Dryer,Usage Spike,Medium
2377,Dryer,Usage Spike,Medium
2383,Television,Usage Spike,Medium
2404,Television,Usage Spike,Medium
2412,Television,Usage Spike,Medium
2432,Television,Usage Spike,Medium
2442,Television,Usage Spike,Medium
2470,Oven,Usage Spike,Medium
2471,Dryer,Usage Spike,Medium
2480,Dryer,Usage Spike,Medium
2483,Oven,Usage Spike,Medium
2565,Dryer,Usage Spike,Medium
2590,Television,Usage Spike,Medium
2594,Television,Usage Spike,Medium
2630,Television,Usage Spike,Medium
2638,Dryer,Usage Spike,Medium
2654,Refrigerator,Usage Spike,Medium
2703,Dryer,Usage Spike,Medium
2706,Oven,Usage Spike,Medium
2709,Television,Usage Spike,Medium
2749,Television,Usage Spike,Medium
2757,Dryer,Usage Spike,High
2794,Television,Usage Spike,Medium
2807,Oven,Usage Spike,Medium
2814,Television,Usage Spike,Medium
2838,Television,Usage Spike,Medium
2903,Television,Usage Spike,Medium
2909,Television,Usage Spike,Medium
2913,Television,Usage Spike,Medium
2951,Dryer,Usage Spike,Medium
2962,Television,Usage Spike,Medium
2978,Television,Usage Spike,Medium
3012,Television,Usage Spike,Medium
3015,Television,Usage Spike,Medium
3048,Oven,Usage Spike,Medium
3078,Television,Usage Spike,Medium
3110,Television,Usage Spike,Medium
3125,Television,Usage Spike,Medium
3143,Television,Usage Spike,High
3153,Television,Usage Spike,Medium
3156,Dryer,Usage Spike,Medium
3164,Television,Usage Spike,Medium
3165,Oven,Usage Spike,Medium
3175,Dryer,Usage Spike,Medium
3248,Television,Usage Spike,Medium
3249,Television,Usage Spike,Medium
3284,Television,Usage Spike,Medium
3346,Television,Usage Spike,Medium
3356,Microwave,Usage Spike,Medium
3367,Television,Usage Spike,Medium
3377,Television,Usage Spike,Medium
3421,Dryer,Usage Spike,Medium
3449,Television,Usage Spike,Medium
3450,Microwave,Usage Spike,High
3480,Television,Usage Spike,Medium
3496,Television,Usage Spike,Medium
3554,Television,Usage Spike,Medium
3631,Oven,Usage Spike,Medium
3637,Television,Usage Spike,High
3732,Oven,Usage Spike,Medium
3759,Television,Usage Spike,Medium
3763,Television,Usage Spike,Medium
3765,Dryer,Usage Spike,Medium
3767,Dryer,Usage Spike,Medium
3789,Oven,Usage Spike,Medium
3822,Television,Usage Spike,Medium
3895,Refrigerator,Usage Spike,Medium
3903,Television,Usage Spike,Medium
3905,Dryer,Usage Spike,Medium
3920,Dryer,Usage Spike,Medium
3931,Television,Usage Spike,Medium
3944,Oven,Usage Spike,Medium
3987,Refrigerator,Usage Spike,Medium
4051,Television,Usage Spike,Medium
4054,Oven,Usage Spike,Medium
4121,Oven,Usage Spike,Medium
4123,Microwave,Usage Spike,Medium
4128,Dryer,Usage Spike,Medium
4141,Refrigerator,Usage Spike,Medium
4167,Oven,Usage Spike,Medium
4170,Television,Usage Spike,Medium
4204,Television,Usage Spike,Medium
4214,Dryer,Usage Spike,Medium
4227,Dryer,Usage Spike,Medium
4233,Television,Usage Spike,Medium
4254,Television,Usage Spike,Medium
4289,Oven,Usage Spike,Medium
4324,Oven,Usage Spike,Medium
4400,Television,Usage Spike,Medium
4401,Television,Usage Spike,Medium
4410,Television,Usage Spike,Medium
4465,Oven,Usage Spike,Medium
4469,Dryer,Usage Spike,Medium
4482,Television,Usage Spike,Medium
4501,Television,Usage Spike,Medium
4520,Television,Usage Spike,Medium
4554,Television,Usage Spike,Medium
4578,Television,Usage Spike,Medium
4581,Television,Usage Spike,Medium
4605,Oven,Usage Spike,Medium
4607,Television,Usage Spike,Medium
4623,Television,Usage Spike,Medium
4637,Television,Usage Spike,Medium
4665,Television,Usage Spike,Medium
4683,Television,Usage Spike,Medium
4693,Television,Usage Spike,High
4728,Television,Usage Spike,High
4748,Dryer,Usage Spike,Medium
4753,Dryer,Usage Spike,Medium
4754,Television,Usage Spike,Medium
4768,Dryer,Usage Spike,Medium
4769,Television,Usage Spike,Medium
4838,Television,Usage Spike,Medium
4847,Television,Usage Spike,Medium
4869,Microwave,Usage Spike,Medium
4887,Oven,Usage Spike,Medium
4897,Dryer,Usage Spike,Medium
4928,Microwave,Usage Spike,Medium
4962,Television,Usage Spike,High
4963,Television,Usage Spike,Medium
4978,Dryer,Usage Spike,Medium
4979,Refrigerator,Usage Spike,Medium
5036,Television,Usage Spike,Medium
5058,Dryer,Usage Spike,Medium
5067,Television,Usage Spike,Medium
5103,Television,Usage Spike,Medium
5106,Television,Usage Spike,High
5112,Oven,Usage Spike,Medium
5268,Television,Usage Spike,Medium
5276,Dryer,Usage Spike,Medium
5302,Dryer,Usage Spike,Medium
5313,Dryer,Usage Spike,Medium
5319,Television,Usage Spike,Medium
5359,Dryer,Usage Spike,Medium
5364,Refrigerator,Usage Spike,Medium
5371,Oven,Usage Spike,Medium
5385,Television,Usage Spike,Medium
5416,Dryer,Usage Spike,Medium
5430,Oven,Usage Spike,Medium
5441,Television,Usage Spike,Medium
5446,Dryer,Usage Spike,Medium
5487,Refrigerator,Usage Spike,Medium
5520,Microwave,Usage Spike,Medium
5535,Television,Usage Spike,Medium
5562,Oven,Usage Spike,Medium
5571,Television,Usage Spike,High
5575,Dryer,Usage Spike,Medium
5595,Television,Usage Spike,Medium
5620,Television,Usage Spike,Medium
5624,Television,Usage Spike,Medium
5629,Television,Usage Spike,Medium
5631,Television,Usage Spike,Medium
5648,Dryer,Usage Spike,Medium
5711,Television,Usage Spike,Medium
5725,Oven,Usage Spike,Medium
5758,Television,Usage Spike,Medium
5768,Television,Usage Spike,Medium
5774,Television,Usage Spike,High
5790,Oven,Usage Spike,Medium
5801,Oven,Usage Spike,Medium
5825,Oven,Usage Spike,Medium
5843,Television,Usage Spike,Medium
5849,Dryer,Usage Spike,Medium
5868,Television,Usage Spike,Medium
5900,Television,Usage Spike,Medium
5920,Television,Usage Spike,Medium
5923,Oven,Usage Spike,Medium
5946,Dryer,Usage Spike,Medium
6045,Dryer,Usage Spike,Medium
6061,Refrigerator,Usage Spike,Medium
6092,Refrigerator,Usage Spike,Medium
6104,Television,Usage Spike,Medium
6113,Television,Usage Spike,Medium
6182,Television,Usage Spike,Medium
6183,Microwave,Usage Spike,Medium
6200,Television,Usage Spike,Medium
6203,Television,Usage Spike,Medium
6212,Microwave,Usage Spike,Medium
6216,Dryer,Usage Spike,Medium
6228,Television,Usage Spike,Medium
6275,Dryer,Usage Spike,Medium
6385,Television,Usage Spike,Medium
6410,Dryer,Usage Spike,High
6416,Dryer,Usage Spike,Medium
6456,Television,Usage Spike,Medium
6463,Oven,Usage Spike,Medium
6465,Television,Usage Spike,Medium
6471,Dryer,Usage Spike,Medium
6477,Television,Usage Spike,Medium
6545,Television,Usage Spike,Medium
6559,Oven,Usage Spike,Medium
6588,Refrigerator,Usage Spike,Medium
6626,Dryer,Usage Spike,Medium
6638,Television,Usage Spike,High
6652,Oven,Usage Spike,Medium
6656,Dryer,Usage Spike,Medium
6676,Dryer,Usage Spike,High
6678,Television,Usage Spike,Medium
6739,Refrigerator,Usage Spike,Medium
6771,Television,Usage Spike,Medium
6776,Television,Usage Spike,Medium
6777,Oven,Usage Spike,Medium
6784,Refrigerator,Usage Spike,Medium
6797,Microwave,Usage Spike,Medium
6819,Dryer,Usage Spike,Medium
6857,Television,Usage Spike,Medium
6884,Microwave,Usage Spike,Medium
6900,Dryer,Usage Spike,Medium
6906,Television,Usage Spike,Medium
6925,Oven,Usage Spike,Medium
6938,Oven,Usage Spike,Medium
6948,Dryer,Usage Spike,Medium
6966,Television,Usage Spike,Medium
6970,Dryer,Usage Spike,Medium
6997,Television,Usage Spike,Medium
7011,Television,Usage Spike,Medium
7015,Oven,Usage Spike,Medium
7040,Television,Usage Spike,Medium
7041,Television,Usage Spike,Medium
7043,Oven,Usage Spike,Medium
7103,Television,Usage Spike,Medium
7151,Dryer,Usage Spike,Medium
7179,Oven,Usage Spike,Medium
7181,Dryer,Usage Spike,Medium
7198,Television,Usage Spike,Medium
7236,Television,Usage Spike,Medium
7239,Oven,Usage Spike,High
7246,Television,Usage Spike,Medium
7250,Oven,Usage Spike,Medium
7258,Dryer,Usage Spike,Medium
7259,Television,Usage Spike,Medium
7261,Dryer,Usage Spike,Medium
7319,Oven,Usage Spike,Medium
7368,Television,Usage Spike,Medium
7389,Dryer,Usage Spike,Medium
7447,Television,Usage Spike,Medium
7449,Dryer,Usage Spike,Medium
7461,Television,Usage Spike,High
7491,Television,Usage Spike,Medium
7504,Television,Usage Spike,Medium
7517,Oven,Usage Spike,Medium
7578,Television,Usage Spike,High
7590,Television,Usage Spike,Medium
7599,Refrigerator,Usage Spike,Medium
7628,Dryer,Usage Spike,Medium
7637,Dryer,Usage Spike,Medium
7643,Refrigerator,Usage Spike,Medium
7715,Television,Usage Spike,Medium
7742,Refrigerator,Usage Spike,Medium
7749,Television,Usage Spike,Medium
7796,Dryer,Usage Spike,Medium
7802,Oven,Usage Spike,Medium
7804,Dryer,Usage Spike,Medium
7813,Dryer,Usage Spike,Medium
7837,Dryer,Usage Spike,Medium
7871,Television,Usage Spike,High
7914,Oven,Usage Spike,Medium
7922,Television,Usage Spike,Medium
7938,Television,Usage Spike,Medium
7941,Television,Usage Spike,Medium
7951,Television,Usage Spike,Medium
7966,Television,Usage Spike,Medium
7995,Dryer,Usage Spike,Medium
8009,Dryer,Usage Spike,Medium
8154,Television,Usage Spike,Medium
8183,Television,Usage Spike,Medium
8206,Oven,Usage Spike,Medium
8216,Oven,Usage Spike,High
8229,Television,Usage Spike,Medium
8233,Television,Usage Spike,Medium
8254,Oven,Usage Spike,Medium
8279,Oven,Usage Spike,Medium
8298,Television,Usage Spike,Medium
8310,Television,Usage Spike,Medium
8325,Dryer,Usage Spike,Medium
8331,Microwave,Usage Spike,Medium
8333,Television,Usage Spike,Medium
8431,Oven,Usage Spike,Medium
8450,Dryer,Usage Spike,Medium
8454,Television,Usage Spike,Medium
8463,Television,Usage Spike,Medium
8464,Dryer,Usage Spike,Medium
8488,Dryer,Usage Spike,Medium
8542,Television,Usage Spike,Medium
8615,Dryer,Usage Spike,Medium
8622,Television,Usage Spike,Medium
8629,Dryer,Usage Spike,Medium
8639,Dryer,Usage Spike,Medium
8668,Television,Usage Spike,Medium
8678,Television,Usage Spike,Medium
8691,Oven,Usage Spike,Medium
8697,Dryer,Usage Spike,Medium
8765,Television,Usage Spike,Medium
8767,Television,Usage Spike,Medium
8784,Television,Usage Spike,High
8819,Television,Usage Spike,Medium
8856,Television,Usage Spike,Medium
8890,Dryer,Usage Spike,Medium
8896,Television,Usage Spike,Medium
8897,Dryer,Usage Spike,Medium
8911,Television,Usage Spike,Medium
8933,Television,Usage Spike,Medium
9011,Television,Usage Spike,Medium
9026,Television,Usage Spike,Medium
9050,Television,Usage Spike,Medium
9056,Television,Usage Spike,Medium
9071,Television,Usage Spike,High
9091,Television,Usage Spike,Medium
9095,Television,Usage Spike,Medium
9097,Television,Usage Spike,Medium
9105,Television,Usage Spike,Medium
9114,Television,Usage Spike,Medium
9124,Television,Usage Spike,Medium
9133,Television,Usage Spike,Medium
9134,Dryer,Usage Spike,Medium
9141,Refrigerator,Usage Spike,Medium
9166,Oven,Usage Spike,Medium
9241,Dryer,Usage Spike,Medium
9247,Television,Usage Spike,Medium
9249,Television,Usage Spike,Medium
9363,Dryer,Usage Spike,Medium
9395,Television,Usage Spike,Medium
9428,Television,Usage Spike,Medium
9433,Television,Usage Spike,Medium
9446,Oven,Usage Spike,Medium
9471,Dryer,Usage Spike,Medium
9496,Television,Usage Spike,Medium
9498,Television,Usage Spike,Medium
9510,Television,Usage Spike,Medium
9511,Television,Usage Spike,High
9547,Television,Usage Spike,Medium
9559,Television,Usage Spike,Medium
9560,Television,Usage Spike,Medium
9562,Television,Usage Spike,Medium
9577,Television,Usage Spike,Medium
9584,Dryer,Usage Spike,Medium
9585,Television,Usage Spike,Medium
9586,Dryer,Usage Spike,Medium
9588,Television,Usage Spike,Medium
9591,Television,Usage Spike,Medium
9644,Television,Usage Spike,Medium
9684,Refrigerator,Usage Spike,Medium
9697,Oven,Usage Spike,Medium
9715,Television,Usage Spike,Medium
9732,Television,Usage Spike,High
9751,Oven,Usage Spike,Medium
9794,Dryer,Usage Spike,Medium
9803,Television,Usage Spike,Medium
9858,Television,Usage Spike,Medium
9882,Dryer,Usage Spike,Medium
9910,Oven,Usage Spike,Medium
9928,Dryer,Usage Spike,Medium
9948,Dryer,Usage Spike,Medium
9972,Dryer,Usage Spike,Medium
9983,Television,Usage Spike,Medium
9987,Dryer,Usage Spike,Medium
9990,Television,Usage Spike,Medium
10001,Oven,Usage Spike,Medium
10020,Dryer,Usage Spike,Medium
10059,Television,Usage Spike,Medium
10079,Dryer,Usage Spike,Medium
10148,Refrigerator,Usage Spike,Medium
10238,Dryer,Usage Spike,Medium
10250,Dryer,Usage Spike,Medium
10275,Dryer,Usage Spike,Medium
10277,Television,Usage Spike,Medium
10298,Dryer,Usage Spike,Medium
10299,Television,Usage Spike,Medium
10309,Television,Usage Spike,Medium
10328,Television,Usage Spike,High
10352,Television,Usage Spike,Medium
10439,Oven,Usage Spike,Medium
10445,Television,Usage Spike,Medium
10507,Dryer,Usage Spike,Medium
10542,Refrigerator,Usage Spike,Medium
10548,Television,Usage Spike,Medium
10561,Television,Usage Spike,Medium
10564,Television,Usage Spike,Medium
10609,Dryer,Usage Spike,Medium
10632,Television,Usage Spike,Medium
10635,Dryer,Usage Spike,Medium
10666,Television,Usage Spike,Medium
10684,Oven,Usage Spike,Medium
10687,Refrigerator,Usage Spike,Medium
10701,Television,Usage Spike,Medium
10704,Television,Usage Spike,Medium
10710,Television,Usage Spike,Medium
10718,Television,Usage Spike,Medium
10741,Oven,Usage Spike,Medium
10751,Dryer,Usage Spike,High
10786,Television,Usage Spike,Medium
10820,Television,Usage Spike,Medium
10857,Television,Usage Spike,Medium
10859,Refrigerator,Usage Spike,Medium
10868,Dryer,Usage Spike,Medium
10881,Television,Usage Spike,Medium
10925,Dryer,Usage Spike,Medium
10934,Television,Usage Spike,Medium
10957,Dryer,Usage Spike,Medium
11014,Television,Usage Spike,Medium
11040,Television,Usage Spike,Medium
11053,Microwave,Usage Spike,Medium
11054,Television,Usage Spike,Medium
11059,Dryer,Usage Spike,Medium
11083,Television,Usage Spike,Medium
11087,Oven,Usage Spike,Medium
11088,Television,Usage Spike,Medium
11110,Dryer,Usage Spike,Medium
11115,Oven,Usage Spike,Medium
11128,Television,Usage Spike,Medium
11148,Dryer,Usage Spike,Medium
11154,Dryer,Usage Spike,Medium
11157,Television,Usage Spike,Medium
11165,Dryer,Usage Spike,Medium
11228,Oven,Usage Spike,Medium
11256,Television,Usage Spike,Medium
11266,Dryer,Usage Spike,Medium
11273,Oven,Usage Spike,Medium
11334,Dryer,Usage Spike,Medium
11359,Dryer,Usage Spike,Medium
11384,Television,Usage Spike,Medium
11387,Oven,Usage Spike,Medium
11406,Television,Usage Spike,Medium
11420,Television,Usage Spike,Medium
11435,Television,Usage Spike,Medium
11510,Dryer,Usage Spike,Medium
11514,Dryer,Usage Spike,Medium
11647,Television,Usage Spike,Medium
11650,Television,Usage Spike,Medium
11659,Microwave,Usage Spike,Medium
11674,Television,Usage Spike,Medium
11703,Television,Usage Spike,Medium
11709,Television,Usage Spike,Medium
11733,Television,Usage Spike,High
11752,Dryer,Usage Spike,Medium
11770,Television,Usage Spike,Medium
11780,Refrigerator,Usage Spike,Medium
11808,Refrigerator,Usage Spike,Medium
11827,Dryer,Usage Spike,High
11846,Television,Usage Spike,Medium
11920,Dryer,Usage Spike,Medium
11923,Television,Usage Spike,Medium
11991,Television,Usage Spike,Medium
12005,Television,Usage Spike,Medium
12007,Oven,Usage Spike,Medium
12034,Television,Usage Spike,Medium
12052,Dryer,Usage Spike,Medium
12055,Television,Usage Spike,Medium
12061,Television,Usage Spike,Medium
12081,Dryer,Usage Spike,Medium
12100,Oven,Usage Spike,Medium
12120,Refrigerator,Usage Spike,Medium
12150,Dryer,Usage Spike,Medium
12174,Television,Usage Spike,Medium
12189,Television,Usage Spike,Medium
12191,Oven,Usage Spike,Medium
12208,Television,Usage Spike,Medium
12209,Dryer,Usage Spike,Medium
12247,Television,Usage Spike,Medium
12254,Refrigerator,Usage Spike,Medium
12274,Television,Usage Spike,Medium
12275,Television,Usage Spike,Medium
12278,Television,Usage Spike,Medium
12284,Television,Usage Spike,Medium
12404,Television,Usage Spike,Medium
12428,Television,Usage Spike,Medium
12435,Television,Usage Spike,Medium
12446,Television,Usage Spike,Medium
12463,Oven,Usage Spike,Medium
12468,Refrigerator,Usage Spike,Medium
12476,Television,Usage Spike,Medium
12490,Television,Usage Spike,Medium
12503,Oven,Usage Spike,Medium
12511,Television,Usage Spike,Medium
12515,Oven,Usage Spike,Medium
12539,Oven,Usage Spike,Medium
12550,Dryer,Usage Spike,Medium
12575,Dryer,Usage Spike,Medium
12586,Microwave,Usage Spike,Medium
12604,Television,Usage Spike,Medium
12632,Television,Usage Spike,Medium
12645,Refrigerator,Usage Spike,Medium
12665,Television,Usage Spike,Medium
12737,Refrigerator,Usage Spike,Medium
12754,Oven,Usage Spike,Medium
12805,Television,Usage Spike,Medium
12813,Television,Usage Spike,Medium
12823,Refrigerator,Usage Spike,High
12827,Dryer,Usage Spike,Medium
12858,Television,Usage Spike,Medium
12874,Television,Usage Spike,Medium
12883,Television,Usage Spike,Medium
12931,Dryer,Usage Spike,Medium
12936,Television,Usage Spike,Medium
12954,Television,Usage Spike,Medium
12964,Television,Usage Spike,Medium
12991,Television,Usage Spike,Medium
13042,Television,Usage Spike,Medium
13047,Oven,Usage Spike,Medium
13073,Television,Usage Spike,Medium
13074,Microwave,Usage Spike,Medium
13089,Oven,Usage Spike,Medium
13116,Dryer,Usage Spike,Medium
13151,Oven,Usage Spike,Medium
13176,Television,Usage Spike,Medium
13202,Television,Usage Spike,Medium
13205,Oven,Usage Spike,Medium
13206,Oven,Usage Spike,Medium
13258,Television,Usage Spike,Medium
13269,Television,Usage Spike,Medium
13280,Refrigerator,Usage Spike,Medium
13312,Television,Usage Spike,Medium
13322,Television,Usage Spike,Medium
13354,Dryer,Usage Spike,Medium
13366,Television,Usage Spike,Medium
13387,Television,Usage Spike,Medium
13451,Oven,Usage Spike,Medium
13491,Oven,Usage Spike,Medium
13496,Television,Usage Spike,Medium
13502,Dryer,Usage Spike,Medium
13505,Television,Usage Spike,Medium
13522,Television,Usage Spike,Medium
13535,Dryer,Usage Spike,Medium
13536,Dryer,Usage Spike,Medium
13545,Dryer,Usage Spike,Medium
13593,Television,Usage Spike,Medium
13611,Television,Usage Spike,Medium
13624,Dryer,Usage Spike,Medium
13634,Oven,Usage Spike,Medium
13655,Television,Usage Spike,Medium
13721,Refrigerator,Usage Spike,Medium
13735,Television,Usage Spike,Medium
13758,Dryer,Usage Spike,Medium
13792,Dryer,Usage Spike,High
13804,Television,Usage Spike,Medium
13823,Television,Usage Spike,Medium
13825,Microwave,Usage Spike,Medium
13830,Television,Usage Spike,Medium
13841,Oven,Usage Spike,Medium
13846,Television,Usage Spike,Medium
13848,Oven,Usage Spike,Medium
13877,Dryer,Usage Spike,Medium
13891,Refrigerator,Usage Spike,High
13896,Dryer,Usage Spike,Medium
13900,Television,Usage Spike,Medium
13970,Dryer,Usage Spike,Medium
14002,Oven,Usage Spike,Medium
14025,Dryer,Usage Spike,Medium
14027,Television,Usage Spike,Medium
14086,Oven,Usage Spike,Medium
14087,Television,Usage Spike,Medium
14107,Dryer,Usage Spike,Medium
14110,Dryer,Usage Spike,High
14122,Television,Usage Spike,Medium
14133,Television,Usage Spike,Medium
14135,Television,Usage Spike,Medium
14166,Television,Usage Spike,Medium
14185,Television,Usage Spike,Medium
14208,Dryer,Usage Spike,Medium
14220,Refrigerator,Usage Spike,Medium
14238,Television,Usage Spike,Medium
14240,Dryer,Usage Spike,Medium
14262,Dryer,Usage Spike,Medium
14274,Television,Usage Spike,Medium
14301,Television,Usage Spike,Medium
14327,Television,Usage Spike,Medium
14339,Television,Usage Spike,Medium
14377,Oven,Usage Spike,Medium
14391,Television,Usage Spike,Medium
14422,Refrigerator,Usage Spike,High
14423,Television,Usage Spike,Medium
14440,Television,Usage Spike,Medium
14451,Television,Usage Spike,High
14474,Television,Usage Spike,Medium
14518,Television,Usage Spike,Medium
14526,Refrigerator,Usage Spike,Medium
14554,Dryer,Usage Spike,Medium
14558,Television,Usage Spike,Medium
14620,Dryer,Usage Spike,Medium
14636,Oven,Usage Spike,High
14717,Television,Usage Spike,Medium
14737,Oven,Usage Spike,Medium
14765,Television,Usage Spike,Medium
14774,Television,Usage Spike,Medium
14851,Oven,Usage Spike,High
14861,Television,Usage Spike,Medium
14881,Television,Usage Spike,Medium
14891,Dryer,Usage Spike,Medium
14926,Television,Usage Spike,Medium
14965,Refrigerator,Usage Spike,Medium
14983,Dryer,Usage Spike,Medium
15001,Television,Usage Spike,Medium
15024,Television,Usage Spike,Medium
15043,Dryer,Usage Spike,Medium
15053,Television,Usage Spike,Medium
15097,Television,Usage Spike,Medium
15121,Dryer,Usage Spike,Medium
15125,Microwave,Usage Spike,Medium
15127,Dryer,Usage Spike,Medium
15134,Television,Usage Spike,Medium
15155,Dryer,Usage Spike,Medium
15187,Dryer,Usage Spike,Medium
15191,Television,Usage Spike,Medium
15192,Television,Usage Spike,Medium
15202,Television,Usage Spike,Medium
15207,Microwave,Usage Spike,Medium
15232,Television,Usage Spike,Medium
15256,Television,Usage Spike,Medium
15272,Television,Usage Spike,Medium
15277,Oven,Usage Spike,Medium
15294,Television,Usage Spike,Medium
15299,Television,Usage Spike,Medium
15301,Oven,Usage Spike,Medium
15305,Television,Usage Spike,Medium
15335,Television,Usage Spike,Medium
15358,Television,Usage Spike,High
15397,Television,Usage Spike,Medium
15416,Television,Usage Spike,Medium
15431,Microwave,Usage Spike,Medium
15434,Oven,Usage Spike,Medium
15480,Oven,Usage Spike,Medium
15491,Dryer,Usage Spike,Medium
15510,Television,Usage Spike,Medium
15525,Television,Usage Spike,Medium
15539,Television,Usage Spike,Medium
15551,Television,Usage Spike,Medium
15673,Television,Usage Spike,Medium
15697,Television,Usage Spike,Medium
15733,Television,Usage Spike,Medium
15740,Television,Usage Spike,Medium
15768,Dryer,Usage Spike,Medium
15834,Television,Usage Spike,Medium
15880,Oven,Usage Spike,Medium
15945,Oven,Usage Spike,Medium
15953,Dryer,Usage Spike,Medium
15985,Television,Usage Spike,Medium
16028,Television,Usage Spike,Medium
16083,Television,Usage Spike,Medium
16094,Television,Usage Spike,Medium
16106,Television,Usage Spike,Medium
16118,Dryer,Usage Spike,High
16119,Television,Usage Spike,Medium
16132,Television,Usage Spike,Medium
16145,Television,Usage Spike,Medium
16161,Television,Usage Spike,Medium
16204,Television,Usage Spike,Medium
16208,Television,Usage Spike,Medium
16211,Oven,Usage Spike,Medium
16233,Oven,Usage Spike,Medium
16247,Oven,Usage Spike,Medium
16255,Television,Usage Spike,Medium
16290,Television,Usage Spike,Medium
16328,Refrigerator,Usage Spike,Medium
16338,Dryer,Usage Spike,Medium
16342,Refrigerator,Usage Spike,Medium
16348,Television,Usage Spike,Medium
16358,Microwave,Usage Spike,Medium
16362,Dryer,Usage Spike,Medium
16378,Dryer,Usage Spike,Medium
16386,Television,Usage Spike,Medium
16438,Television,Usage Spike,Medium
16448,Television,Usage Spike,Medium
16538,Television,Usage Spike,Medium
16544,Oven,Usage Spike,Medium
16554,Dryer,Usage Spike,Medium
16571,Television,Usage Spike,Medium
16580,Television,Usage Spike,Medium
16583,Dryer,Usage Spike,Medium
16594,Television,Usage Spike,Medium
16620,Oven,Usage Spike,Medium
16631,Dryer,Usage Spike,Medium
16641,Television,Usage Spike,Medium
16644,Television,Usage Spike,Medium
16682,Television,Usage Spike,Medium
16714,Oven,Usage Spike,Medium
16725,Dryer,Usage Spike,High
16793,Television,Usage Spike,Medium
16807,Oven,Usage Spike,Medium
16834,Dryer,Usage Spike,Medium
16959,Television,Usage Spike,Medium
16985,Oven,Usage Spike,Medium
16996,Dryer,Usage Spike,Medium
17030,Dryer,Usage Spike,Medium
17032,Dryer,Usage Spike,Medium
17043,Oven,Usage Spike,Medium
17083,Television,Usage Spike,Medium
17111,Oven,Usage Spike,Medium
17120,Television,Usage Spike,Medium
17139,Television,Usage Spike,Medium
17142,Television,Usage Spike,Medium
17143,Refrigerator,Usage Spike,Medium
17149,Dryer,Usage Spike,Medium
17198,Television,Usage Spike,Medium
17203,Dryer,Usage Spike,Medium
17214,Television,Usage Spike,Medium
17261,Oven,Usage Spike,High
17273,Dryer,Usage Spike,Medium
17276,Dryer,Usage Spike,Medium
17294,Television,Usage Spike,Medium
17298,Television,Usage Spike,Medium
17312,Oven,Usage Spike,Medium
17345,Dryer,Usage Spike,Medium
17380,Dryer,Usage Spike,Medium
17392,Television,Usage Spike,Medium
17401,Refrigerator,Usage Spike,Medium
17413,Television,Usage Spike,Medium
17550,Oven,Usage Spike,Medium
17552,Television,Usage Spike,Medium
17566,Television,Usage Spike,High
17614,Refrigerator,Usage Spike,Medium
17615,Microwave,Usage Spike,Medium
17629,Television,Usage Spike,Medium
17656,Refrigerator,Usage Spike,Medium
17704,Television,Usage Spike,Medium
17716,Television,Usage Spike,Medium
17760,Oven,Usage Spike,Medium
17761,Dryer,Usage Spike,Medium
17774,Television,Usage Spike,Medium
17800,Television,Usage Spike,Medium
17804,Television,Usage Spike,Medium
17817,Dryer,Usage Spike,Medium
17949,Refrigerator,Usage Spike,Medium
17958,Microwave,Usage Spike,High
17997,Television,Usage Spike,High
18014,Television,Usage Spike,Medium
18051,Television,Usage Spike,Medium
18125,Television,Usage Spike,Medium
18179,Television,Usage Spike,Medium
18184,Oven,Usage Spike,Medium
18215,Dryer,Usage Spike,Medium
18222,Television,Usage Spike,Medium
18232,Television,Usage Spike,Medium
18257,Refrigerator,Usage Spike,Medium
18267,Dryer,Usage Spike,Medium
18272,Dryer,Usage Spike,High
18297,Dryer,Usage Spike,Medium
18318,Television,Usage Spike,Medium
18362,Television,Usage Spike,Medium
18377,Oven,Usage Spike,Medium
18403,Television,Usage Spike,Medium
18417,Television,Usage Spike,Medium
18422,Television,Usage Spike,Medium
18427,Television,Usage Spike,Medium
18482,Oven,Usage Spike,Medium
18487,Television,Usage Spike,Medium
18491,Dryer,Usage Spike,Medium
18557,Refrigerator,Usage Spike,Medium
18563,Dryer,Usage Spike,Medium
18570,Television,Usage Spike,Medium
18573,Oven,Usage Spike,High
18580,Television,Usage Spike,High
18607,Refrigerator,Usage Spike,High
18647,Dryer,Usage Spike,Medium
18670,Dryer,Usage Spike,Medium
18676,Television,Usage Spike,Medium
18681,Television,Usage Spike,Medium
18706,Television,Usage Spike,Medium
18724,Television,Usage Spike,Medium
18752,Dryer,Usage Spike,Medium
18757,Television,Usage Spike,Medium
18831,Television,Usage Spike,Medium
18852,Dryer,Usage Spike,Medium
18855,Oven,Usage Spike,Medium
18863,Television,Usage Spike,Medium
18885,Television,Usage Spike,Medium
18892,Oven,Usage Spike,Medium
18936,Oven,Usage Spike,Medium
18938,Television,Usage Spike,Medium
18954,Microwave,Usage Spike,Medium
18996,Television,Usage Spike,Medium
19032,Television,Usage Spike,Medium
19060,Dryer,Usage Spike,Medium
19075,Television,Usage Spike,Medium
19112,Television,Usage Spike,Medium
19127,Television,Usage Spike,Medium
19137,Television,Usage Spike,Medium
19162,Dryer,Usage Spike,Medium
19175,Television,Usage Spike,Medium
19198,Television,Usage Spike,Medium
19219,Television,Usage Spike,Medium
19223,Television,Usage Spike,Medium
19253,Dryer,Usage Spike,High
19262,Television,Usage Spike,Medium
19294,Television,Usage Spike,Medium
19298,Dryer,Usage Spike,Medium
19299,Television,Usage Spike,Medium
19335,Television,Usage Spike,Medium
19363,Dryer,Usage Spike,Medium
19379,Television,Usage Spike,Medium
19436,Dryer,Usage Spike,Medium
19438,Television,Usage Spike,Medium
19464,Television,Usage Spike,Medium
19476,Dryer,Usage Spike,High
19524,Oven,Usage Spike,Medium
19529,Television,Usage Spike,Medium
19538,Television,Usage Spike,Medium
19548,Dryer,Usage Spike,Medium
19588,Television,Usage Spike,Medium
19590,Dryer,Usage Spike,Medium
19606,Dryer,Usage Spike,Medium
19655,Television,Usage Spike,Medium
19666,Dryer,Usage Spike,Medium
19705,Dryer,Usage Spike,Medium
19710,Television,Usage Spike,Medium
19736,Dryer,Usage Spike,Medium
19753,Television,Usage Spike,Medium
19756,Television,Usage Spike,Medium
19773,Dryer,Usage Spike,High
19789,Television,Usage Spike,Medium
19792,Dryer,Usage Spike,Medium
19835,Television,Usage Spike,Medium
19873,Television,Usage Spike,Medium
19907,Television,Usage Spike,Medium
19921,Television,Usage Spike,Medium
19925,Oven,Usage Spike,Medium
19932,Dryer,Usage Spike,Medium
19944,Microwave,Usage Spike,Medium
19969,Dryer,Usage Spike,High
19994,Television,Usage Spike,Medium
19998,Dryer,Usage Spike,Medium
20034,Microwave,Usage Spike,Medium
20054,Oven,Usage Spike,Medium
20063,Dryer,Usage Spike,Medium
20085,Dryer,Usage Spike,Medium
20093,Dryer,Usage Spike,Medium
20107,Oven,Usage Spike,Medium
20150,Television,Usage Spike,Medium
20170,Microwave,Usage Spike,Medium
20211,Dryer,Usage Spike,Medium
20224,Television,Usage Spike,Medium
20225,Dryer,Usage Spike,Medium
20249,Television,Usage Spike,Medium
20260,Refrigerator,Usage Spike,Medium
20261,Television,Usage Spike,Medium
20319,Microwave,Usage Spike,Medium
20332,Television,Usage Spike,Medium
20347,Dryer,Usage Spike,Medium
20352,Television,Usage Spike,Medium
20359,Oven,Usage Spike,Medium
20372,Television,Usage Spike,Medium
20395,Television,Usage Spike,Medium
20437,Television,Usage Spike,Medium
20447,Television,Usage Spike,Medium
20493,Oven,Usage Spike,Medium
20496,Television,Usage Spike,Medium
20591,Oven,Usage Spike,Medium
20600,Television,Usage Spike,Medium
20607,Dryer,Usage Spike,Medium
20622,Dryer,Usage Spike,Medium
20640,Refrigerator,Usage Spike,Medium
20715,Dryer,Usage Spike,Medium
20727,Television,Usage Spike,Medium
20737,Oven,Usage Spike,High
20738,Television,Usage Spike,Medium
20819,Television,Usage Spike,Medium
20845,Television,Usage Spike,Medium
20848,Dryer,Usage Spike,Medium
20849,Television,Usage Spike,Medium
20854,Dryer,Usage Spike,Medium
20867,Television,Usage Spike,Medium
20869,Television,Usage Spike,Medium
20872,Dryer,Usage Spike,High
20935,Television,Usage Spike,Medium
20947,Dryer,Usage Spike,High
20961,Dryer,Usage Spike,Medium
20974,Television,Usage Spike,Medium
20981,Television,Usage Spike,Medium
20985,Television,Usage Spike,Medium
21001,Dryer,Usage Spike,Medium
21005,Microwave,Usage Spike,Medium
21030,Television,Usage Spike,High
21042,Television,Usage Spike,Medium
21046,Television,Usage Spike,Medium
21055,Dryer,Usage Spike,Medium
21060,Television,Usage Spike,Medium
21099,Oven,Usage Spike,Medium
21101,Oven,Usage Spike,High
21133,Dryer,Usage Spike,High
21134,Dryer,Usage Spike,Medium
21136,Dryer,Usage Spike,Medium
21162,Dryer,Usage Spike,Medium
21165,Microwave,Usage Spike,Medium
21190,Oven,Usage Spike,Medium
21191,Dryer,Usage Spike,Medium
21253,Television,Usage Spike,Medium
21255,Television,Usage Spike,Medium
21266,Television,Usage Spike,Medium
21308,Oven,Usage Spike,Medium
21346,Dryer,Usage Spike,Medium
21375,Television,Usage Spike,High
21389,Television,Usage Spike,Medium
21437,Television,Usage Spike,Medium
21536,Dryer,Usage Spike,Medium
21647,Television,Usage Spike,Medium
21651,Television,Usage Spike,Medium
21717,Dryer,Usage Spike,Medium
21751,Dryer,Usage Spike,Medium
21756,Dryer,Usage Spike,Medium
21764,Television,Usage Spike,Medium
21767,Television,Usage Spike,Medium
21777,Refrigerator,Usage Spike,Medium
21837,Television,Usage Spike,Medium
21870,Oven,Usage Spike,Medium
21921,Television,Usage Spike,Medium
21932,Dryer,Usage Spike,High
21940,Microwave,Usage Spike,Medium
21948,Television,Usage Spike,Medium
21960,Oven,Usage Spike,High
21977,Dryer,Usage Spike,Medium
21978,Television,Usage Spike,Medium
22017,Television,Usage Spike,Medium
22026,Dryer,Usage Spike,Medium
22044,Television,Usage Spike,Medium
22063,Dryer,Usage Spike,Medium
22081,Television,Usage Spike,Medium
22091,Oven,Usage Spike,High
22104,Television,Usage Spike,Medium
22141,Dryer,Usage Spike,Medium
22147,Oven,Usage Spike,High
22153,Television,Usage Spike,Medium
22166,Television,Usage Spike,Medium
22209,Television,Usage Spike,Medium
22220,Television,Usage Spike,High
22279,Television,Usage Spike,Medium
22314,Refrigerator,Usage Spike,Medium
22327,Refrigerator,Usage Spike,Medium
22346,Dryer,Usage Spike,Medium
22380,Dryer,Usage Spike,Medium
22384,Dryer,Usage Spike,Medium
22414,Television,Usage Spike,High
22456,Microwave,Usage Spike,Medium
22476,Dryer,Usage Spike,Medium
22480,Television,Usage Spike,Medium
22495,Oven,Usage Spike,Medium
22526,Dryer,Usage Spike,Medium
22566,Television,Usage Spike,Medium
22719,Dryer,Usage Spike,Medium
22760,Dryer,Usage Spike,Medium
22778,Television,Usage Spike,Medium
22793,Dryer,Usage Spike,Medium
22818,Dryer,Usage Spike,Medium
22843,Television,Usage Spike,Medium
22844,Television,Usage Spike,Medium
22860,Television,Usage Spike,Medium
22882,Television,Usage Spike,Medium
22895,Television,Usage Spike,Medium
22918,Dryer,Usage Spike,Medium
22935,Television,Usage Spike,Medium
22947,Television,Usage Spike,Medium
22966,Refrigerator,Usage Spike,Medium
22979,Oven,Usage Spike,Medium
22994,Television,Usage Spike,Medium
22996,Television,Usage Spike,Medium
23013,Television,Usage Spike,Medium
23016,Television,Usage Spike,Medium
23060,Television,Usage Spike,Medium
23082,Television,Usage Spike,Medium
23101,Oven,Usage Spike,Medium
23104,Television,Usage Spike,Medium
23129,Dryer,Usage Spike,Medium
23143,Television,Usage Spike,Medium
23146,Dryer,Usage Spike,Medium
23151,Oven,Usage Spike,Medium
23154,Television,Usage Spike,Medium
23162,Dryer,Usage Spike,Medium
23171,Television,Usage Spike,Medium
23184,Television,Usage Spike,High
23193,Dryer,Usage Spike,Medium
23246,Dryer,Usage Spike,Medium
23256,Television,Usage Spike,Medium
23286,Television,Usage Spike,Medium
23365,Television,Usage Spike,Medium
23370,Television,Usage Spike,Medium
23385,Oven,Usage Spike,Medium
23386,Dryer,Usage Spike,Medium
23407,Dryer,Usage Spike,Medium
23409,Dryer,Usage Spike,High
23495,Dryer,Usage Spike,Medium
23505,Television,Usage Spike,Medium
23533,Television,Usage Spike,High
23540,Television,Usage Spike,Medium
23578,Dryer,Usage Spike,Medium
23627,Oven,Usage Spike,Medium
23630,Microwave,Usage Spike,Medium
23650,Dryer,Usage Spike,Medium
23672,Television,Usage Spike,Medium
23676,Oven,Usage Spike,Medium
23694,Dryer,Usage Spike,Medium
23709,Refrigerator,Usage Spike,Medium
23744,Refrigerator,Usage Spike,Medium
23749,Microwave,Usage Spike,Medium
23765,Television,Usage Spike,Medium
23766,Television,Usage Spike,Medium
23771,Dryer,Usage Spike,Medium
23777,Oven,Usage Spike,Medium
23786,Oven,Usage Spike,Medium
23803,Television,Usage Spike,Medium
23821,Television,Usage Spike,Medium
23845,Television,Usage Spike,Medium
23849,Refrigerator,Usage Spike,Medium
23863,Oven,Usage Spike,Medium
23869,Oven,Usage Spike,Medium
23931,Oven,Usage Spike,Medium
23948,Dryer,Usage Spike,Medium
23990,Television,Usage Spike,Medium
24056,Television,Usage Spike,High
24064,Oven,Usage Spike,High
24123,Television,Usage Spike,Medium
24124,Oven,Usage Spike,Medium
24129,Dryer,Usage Spike,Medium
24139,Dryer,Usage Spike,Medium
24188,Oven,Usage Spike,Medium
24191,Television,Usage Spike,Medium
24206,Dryer,Usage Spike,Medium
24231,Television,Usage Spike,Medium
24234,Television,Usage Spike,Medium
24235,Television,Usage Spike,Medium
24312,Television,Usage Spike,Medium
24362,Oven,Usage Spike,Medium
24367,Oven,Usage Spike,Medium
24389,Oven,Usage Spike,Medium
24392,Dryer,Usage Spike,Medium
24394,Oven,Usage Spike,Medium
24422,Dryer,Usage Spike,Medium
24428,Dryer,Usage Spike,Medium
24429,Oven,Usage Spike,Medium
24501,Television,Usage Spike,Medium
24506,Oven,Usage Spike,Medium
24518,Television,Usage Spike,Medium
24526,Television,Usage Spike,Medium
24599,Oven,Usage Spike,Medium
24609,Television,Usage Spike,Medium
24612,Television,Usage Spike,Medium
24620,Television,Usage Spike,Medium
24653,Television,Usage Spike,Medium
24684,Oven,Usage Spike,Medium
24691,Television,Usage Spike,Medium
24730,Dryer,Usage Spike,Medium
24732,Television,Usage Spike,Medium
24747,Television,Usage Spike,Medium
24763,Dryer,Usage Spike,Medium
24807,Dryer,Usage Spike,Medium
24846,Oven,Usage Spike,Medium
24861,Television,Usage Spike,Medium
24868,Television,Usage Spike,Medium
24981,Refrigerator,Usage Spike,Medium
24993,Television,Usage Spike,Medium
24995,Television,Usage Spike,Medium
25117,Television,Usage Spike,Medium
25127,Oven,Usage Spike,Medium
25146,Television,Usage Spike,Medium
25149,Oven,Usage Spike,Medium
25154,Oven,Usage Spike,Medium
25170,Television,Usage Spike,Medium
25193,Dryer,Usage Spike,Medium
25202,Refrigerator,Usage Spike,Medium
25212,Microwave,Usage Spike,Medium
25217,Dryer,Usage Spike,Medium
25222,Dryer,Usage Spike,Medium
25232,Television,Usage Spike,Medium
25335,Television,Usage Spike,Medium
25364,Television,Usage Spike,Medium
25372,Television,Usage Spike,Medium
25374,Television,Usage Spike,High
25390,Television,Usage Spike,Medium
25404,Refrigerator,Usage Spike,Medium
25427,Dryer,Usage Spike,Medium
25452,Dryer,Usage Spike,Medium
25496,Television,Usage Spike,Medium
25525,Oven,Usage Spike,Medium
25543,Television,Usage Spike,Medium
25584,Dryer,Usage Spike,Medium
25625,Dryer,Usage Spike,Medium
25627,Television,Usage Spike,Medium
25664,Television,Usage Spike,Medium
25666,Dryer,Usage Spike,Medium
25669,Television,Usage Spike,Medium
25673,Television,Usage Spike,Medium
25682,Television,Usage Spike,Medium
25685,Television,Usage Spike,Medium
25720,Dryer,Usage Spike,Medium
25796,Television,Usage Spike,Medium
25887,Dryer,Usage Spike,High
25907,Television,Usage Spike,Medium
25914,Dryer,Usage Spike,Medium
26001,Television,Usage Spike,Medium
26002,Television,Usage Spike,Medium
26022,Television,Usage Spike,Medium
26029,Television,Usage Spike,Medium
26057,Oven,Usage Spike,Medium
26066,Microwave,Usage Spike,Medium
26086,Oven,Usage Spike,Medium
26120,Oven,Usage Spike,Medium
26148,Television,Usage Spike,Medium
26170,Television,Usage Spike,Medium
26175,Television,Usage Spike,Medium
26176,Microwave,Usage Spike,Medium
26177,Dryer,Usage Spike,Medium
26205,Television,Usage Spike,Medium
26224,Television,Usage Spike,Medium
26235,Oven,Usage Spike,High
26261,Refrigerator,Usage Spike,Medium
26274,Television,Usage Spike,Medium
26284,Dryer,Usage Spike,Medium
26286,Dryer,Usage Spike,Medium
26334,Television,Usage Spike,Medium
26367,Television,Usage Spike,Medium
26407,Dryer,Usage Spike,Medium
26419,Microwave,Usage Spike,Medium
26436,Dryer,Usage Spike,Medium
26446,Dryer,Usage Spike,Medium
26472,Television,Usage Spike,High
26493,Television,Usage Spike,Medium
26512,Television,Usage Spike,Medium
26521,Television,Usage Spike,Medium
26532,Dryer,Usage Spike,Medium
26557,Oven,Usage Spike,Medium
26566,Dryer,Usage Spike,Medium
26570,Television,Usage Spike,Medium
26582,Dryer,Usage Spike,Medium
26584,Oven,Usage Spike,Medium
26608,Dryer,Usage Spike,Medium
26646,Dryer,Usage Spike,Medium
26651,Dryer,Usage Spike,Medium
26655,Television,Usage Spike,Medium
26690,Oven,Usage Spike,Medium
26696,Oven,Usage Spike,Medium
26737,Television,Usage Spike,Medium
26745,Dryer,Usage Spike,Medium
26766,Dryer,Usage Spike,Medium
26807,Television,Usage Spike,Medium
26840,Microwave,Usage Spike,Medium
26850,Dryer,Usage Spike,Medium
26861,Dryer,Usage Spike,Medium
26933,Dryer,Usage Spike,Medium
26941,Television,Usage Spike,Medium
26946,Microwave,Usage Spike,Medium
26958,Dryer,Usage Spike,Medium
27052,Television,Usage Spike,Medium
27059,Television,Usage Spike,Medium
27078,Dryer,Usage Spike,Medium
27133,Television,Usage Spike,Medium
27153,Dryer,Usage Spike,Medium
27183,Television,Usage Spike,Medium
27201,Television,Usage Spike,Medium
27211,Television,Usage Spike,High
27232,Dryer,Usage Spike,Medium
27251,Oven,Usage Spike,Medium
27260,Dryer,Usage Spike,Medium
27272,Television,Usage Spike,Medium
27281,Television,Usage Spike,Medium
27295,Refrigerator,Usage Spike,High
27371,Dryer,Usage Spike,Medium
27380,Oven,Usage Spike,Medium
27390,Refrigerator,Usage Spike,Medium
27412,Television,Usage Spike,Medium
27430,Refrigerator,Usage Spike,Medium
27443,Television,Usage Spike,Medium
27446,Dryer,Usage Spike,Medium
27481,Television,Usage Spike,Medium
27483,Television,Usage Spike,Medium
27500,Dryer,Usage Spike,Medium
27505,Television,Usage Spike,Medium
27531,Dryer,Usage Spike,Medium
27550,Television,Usage Spike,Medium
27576,Television,Usage Spike,Medium
27577,Dryer,Usage Spike,Medium
27592,Dryer,Usage Spike,Medium
27610,Dryer,Usage Spike,Medium
27653,Television,Usage Spike,Medium
27670,Television,Usage Spike,Medium
27678,Dryer,Usage Spike,Medium
27809,Dryer,Usage Spike,High
27845,Television,Usage Spike,Medium
27881,Dryer,Usage Spike,Medium
27922,Oven,Usage Spike,Medium
28066,Television,Usage Spike,Medium
28089,Microwave,Usage Spike,Medium
28133,Dryer,Usage Spike,Medium
28139,Oven,Usage Spike,Medium
28156,Television,Usage Spike,Medium
28296,Television,Usage Spike,Medium
28318,Television,Usage Spike,Medium
28321,Television,Usage Spike,High
28326,Television,Usage Spike,Medium
28328,Refrigerator,Usage Spike,Medium
28343,Television,Usage Spike,Medium
28428,Television,Usage Spike,Medium
28432,Dryer,Usage Spike,High
28449,Television,Usage Spike,Medium
28465,Television,Usage Spike,Medium
28466,Oven,Usage Spike,Medium
28513,Dryer,Usage Spike,Medium
28533,Television,Usage Spike,Medium
28579,Oven,Usage Spike,Medium
28612,Oven,Usage Spike,Medium
28627,Refrigerator,Usage Spike,Medium
28634,Television,Usage Spike,Medium
28644,Dryer,Usage Spike,Medium
28702,Television,Usage Spike,Medium
28707,Dryer,Usage Spike,Medium
28711,Dryer,Usage Spike,Medium
28717,Microwave,Usage Spike,Medium
28749,Television,Usage Spike,Medium
28785,Dryer,Usage Spike,Medium
28798,Television,Usage Spike,Medium
28802,Dryer,Usage Spike,Medium
28823,Television,Usage Spike,Medium
28837,Oven,Usage Spike,High
28841,Television,Usage Spike,Medium
28921,Television,Usage Spike,Medium
28926,Television,Usage Spike,Medium
28942,Dryer,Usage Spike,Medium
29075,Television,Usage Spike,Medium
29114,Television,Usage Spike,Medium
29123,Television,Usage Spike,Medium
29127,Television,Usage Spike,Medium
29166,Television,Usage Spike,Medium
29251,Television,Usage Spike,Medium
29253,Television,Usage Spike,Medium
29295,Dryer,Usage Spike,Medium
29309,Television,Usage Spike,Medium
29318,Television,Usage Spike,Medium
29335,Dryer,Usage Spike,Medium
29356,Television,Usage Spike,Medium
29383,Television,Usage Spike,Medium
29386,Oven,Usage Spike,Medium
29392,Dryer,Usage Spike,Medium
29426,Television,Usage Spike,High
29434,Television,Usage Spike,Medium
29490,Dryer,Usage Spike,High
29511,Refrigerator,Usage Spike,Medium
29531,Television,Usage Spike,Medium
29542,Television,Usage Spike,Medium
29575,Television,Usage Spike,Medium
29585,Television,Usage Spike,Medium
29602,Television,Usage Spike,Medium
29641,Dryer,Usage Spike,Medium
29651,Television,Usage Spike,Medium
29667,Dryer,Usage Spike,Medium
29668,Oven,Usage Spike,Medium
29730,Television,Usage Spike,Medium
29742,Television,Usage Spike,Medium
29753,Television,Usage Spike,Medium
29784,Dryer,Usage Spike,Medium
29809,Television,Usage Spike,Medium
29817,Dryer,Usage Spike,Medium
29836,Television,Usage Spike,Medium
29881,Television,Usage Spike,Medium
29895,Oven,Usage Spike,Medium
29905,Dryer,Usage Spike,Medium
29920,Dryer,Usage Spike,Medium
29945,Dryer,Usage Spike,High
29967,Dryer,Usage Spike,Medium
29999,Oven,Usage Spike,Medium
30009,Television,Usage Spike,Medium
30026,Refrigerator,Usage Spike,Medium
30076,Television,Usage Spike,Medium
30096,Television,Usage Spike,Medium
30179,Television,Usage Spike,Medium
30182,Dryer,Usage Spike,Medium
30219,Television,Usage Spike,Medium
30227,Television,Usage Spike,Medium
30228,Dryer,Usage Spike,Medium
30240,Television,Usage Spike,Medium
30307,Dryer,Usage Spike,Medium
30323,Television,Usage Spike,Medium
30416,Television,Usage Spike,Medium
30430,Oven,Usage Spike,Medium
30438,Refrigerator,Usage Spike,Medium
30443,Refrigerator,Usage Spike,Medium
30454,Oven,Usage Spike,Medium
30474,Television,Usage Spike,Medium
30512,Television,Usage Spike,Medium
30515,Oven,Usage Spike,Medium
30526,Dryer,Usage Spike,Medium
30541,Dryer,Usage Spike,Medium
30543,Television,Usage Spike,Medium
30554,Oven,Usage Spike,Medium
30559,Television,Usage Spike,Medium
30585,Dryer,Usage Spike,Medium
30614,Television,Usage Spike,Medium
30616,Dryer,Usage Spike,Medium
30642,Television,Usage Spike,Medium
30654,Microwave,Usage Spike,Medium
30669,Television,Usage Spike,Medium
30672,Oven,Usage Spike,High
30742,Refrigerator,Usage Spike,High
30749,Television,Usage Spike,Medium
30750,Dryer,Usage Spike,Medium
30869,Dryer,Usage Spike,Medium
30898,Television,Usage Spike,Medium
31012,Television,Usage Spike,Medium
31059,Television,Usage Spike,Medium
31063,Television,Usage Spike,Medium
31132,Television,Usage Spike,Medium
31135,Television,Usage Spike,Medium
31181,Refrigerator,Usage Spike,Medium
31194,Television,Usage Spike,Medium
31232,Television,Usage Spike,High
31260,Dryer,Usage Spike,Medium
31351,Television,Usage Spike,Medium
31352,Oven,Usage Spike,Medium
31358,Television,Usage Spike,Medium
31366,Television,Usage Spike,Medium
31396,Dryer,Usage Spike,Medium
31428,Dryer,Usage Spike,Medium
31448,Television,Usage Spike,Medium
31456,Television,Usage Spike,Medium
31487,Television,Usage Spike,Medium
31611,Oven,Usage Spike,Medium
31613,Television,Usage Spike,Medium
31623,Television,Usage Spike,Medium
31630,Oven,Usage Spike,Medium
31664,Dryer,Usage Spike,Medium
31684,Television,Usage Spike,Medium
31723,Dryer,Usage Spike,Medium
31730,Oven,Usage Spike,Medium
31760,Television,Usage Spike,Medium
31783,Television,Usage Spike,Medium
31802,Television,Usage Spike,Medium
31831,Television,Usage Spike,Medium
31848,Television,Usage Spike,Medium
31849,Microwave,Usage Spike,Medium
31878,Television,Usage Spike,Medium
31885,Television,Usage Spike,Medium
31886,Television,Usage Spike,Medium
31894,Dryer,Usage Spike,Medium
31926,Television,Usage Spike,Medium
31928,Television,Usage Spike,Medium
31933,Television,Usage Spike,Medium
31998,Television,Usage Spike,Medium
32035,Refrigerator,Usage Spike,High
32082,Dryer,Usage Spike,Medium
32137,Television,Usage Spike,Medium
32149,Television,Usage Spike,Medium
32153,Television,Usage Spike,Medium
32168,Television,Usage Spike,Medium
32197,Oven,Usage Spike,Medium
32207,Refrigerator,Usage Spike,Medium
32216,Refrigerator,Usage Spike,High
32248,Television,Usage Spike,Medium
32272,Television,Usage Spike,Medium
32299,Television,Usage Spike,Medium
32303,Television,Usage Spike,Medium
32361,Refrigerator,Usage Spike,Medium
32370,Television,Usage Spike,Medium
32390,Television,Usage Spike,Medium
32395,Dryer,Usage Spike,Medium
32417,Dryer,Usage Spike,Medium
32433,Television,Usage Spike,Medium
32462,Television,Usage Spike,Medium
32469,Television,Usage Spike,Medium
32475,Television,Usage Spike,Medium
32515,Television,Usage Spike,Medium
32516,Television,Usage Spike,Medium
32523,Television,Usage Spike,Medium
32527,Television,Usage Spike,Medium
32541,Refrigerator,Usage Spike,Medium
32611,Television,Usage Spike,Medium
32630,Dryer,Usage Spike,Medium
32658,Television,Usage Spike,Medium
32680,Television,Usage Spike,Medium
32717,Television,Usage Spike,Medium
32725,Dryer,Usage Spike,Medium
32733,Television,Usage Spike,Medium
32791,Oven,Usage Spike,Medium
32794,Dryer,Usage Spike,Medium
32828,Television,Usage Spike,Medium
32831,Dryer,Usage Spike,Medium
32842,Oven,Usage Spike,Medium
32854,Television,Usage Spike,Medium
32903,Television,Usage Spike,Medium
32922,Dryer,Usage Spike,Medium
32974,Television,Usage Spike,Medium
32975,Oven,Usage Spike,Medium
33039,Dryer,Usage Spike,Medium
33054,Television,Usage Spike,Medium
33063,Television,Usage Spike,Medium
33183,Oven,Usage Spike,Medium
33192,Television,Usage Spike,Medium
33207,Oven,Usage Spike,Medium
33245,Oven,Usage Spike,Medium
33332,Television,Usage Spike,Medium
33351,Television,Usage Spike,Medium
33352,Television,Usage Spike,Medium
33356,Dryer,Usage Spike,Medium
33422,Television,Usage Spike,Medium
33443,Television,Usage Spike,High
33444,Television,Usage Spike,Medium
33469,Television,Usage Spike,Medium
33493,Refrigerator,Usage Spike,Medium
33510,Oven,Usage Spike,Medium
33511,Dryer,Usage Spike,Medium
33555,Television,Usage Spike,High
33577,Television,Usage Spike,Medium
33605,Television,Usage Spike,Medium
33607,Television,Usage Spike,Medium
33612,Dryer,Usage Spike,Medium
33615,Oven,Usage Spike,Medium
33632,Television,Usage Spike,Medium
33646,Television,Usage Spike,Medium
33654,Refrigerator,Usage Spike,Medium
33673,Television,Usage Spike,Medium
33724,Television,Usage Spike,Medium
33739,Television,Usage Spike,Medium
33743,Oven,Usage Spike,Medium
33750,Dryer,Usage Spike,Medium
33751,Television,Usage Spike,Medium
33753,Dryer,Usage Spike,Medium
33766,Dryer,Usage Spike,Medium
33815,Television,Usage Spike,Medium
33817,Television,Usage Spike,Medium
33825,Television,Usage Spike,Medium
33827,Dryer,Usage Spike,High
33829,Television,Usage Spike,Medium
33841,Television,Usage Spike,Medium
33879,Television,Usage Spike,High
33998,Television,Usage Spike,Medium
34001,Television,Usage Spike,High
34004,Dryer,Usage Spike,Medium
34029,Oven,Usage Spike,High
34039,Television,Usage Spike,Medium
34079,Television,Usage Spike,Medium
34108,Television,Usage Spike,Medium
34119,Television,Usage Spike,Medium
34128,Television,Usage Spike,Medium
34172,Dryer,Usage Spike,High
34188,Television,Usage Spike,Medium
34192,Dryer,Usage Spike,Medium
34199,Oven,Usage Spike,Medium
34207,Television,Usage Spike,Medium
34231,Television,Usage Spike,Medium
34275,Microwave,Usage Spike,Medium
34278,Television,Usage Spike,Medium
34342,Dryer,Usage Spike,Medium
34428,Television,Usage Spike,Medium
34434,Television,Usage Spike,Medium
34435,Television,Usage Spike,Medium
34436,Oven,Usage Spike,Medium
34452,Dryer,Usage Spike,Medium
34471,Television,Usage Spike,Medium
34498,Television,Usage Spike,Medium
34508,Dryer,Usage Spike,Medium
34520,Television,Usage Spike,Medium
34531,Television,Usage Spike,Medium
34536,Television,Usage Spike,Medium
34547,Television,Usage Spike,Medium
34558,Dryer,Usage Spike,Medium
34620,Television,Usage Spike,Medium
34626,Television,Usage Spike,Medium
34703,Dryer,Usage Spike,Medium
34709,Television,Usage Spike,Medium
34719,Television,Usage Spike,Medium
34742,Dryer,Usage Spike,Medium
34747,Dryer,Usage Spike,Medium
34776,Microwave,Usage Spike,Medium
34832,Television,Usage Spike,Medium
34849,Dryer,Usage Spike,Medium
34884,Television,Usage Spike,Medium
34915,Television,Usage Spike,Medium
34930,Television,Usage Spike,Medium
34967,Microwave,Usage Spike,Medium
34968,Dryer,Usage Spike,High
34987,Television,Usage Spike,Medium
34991,Television,Usage Spike,Medium
35011,Dryer,Usage Spike,Medium
35031,Television,Usage Spike,Medium
35051,Oven,Usage Spike,Medium
35064,Television,Usage Spike,Medium
35069,Television,Usage Spike,Medium
35071,Dryer,Usage Spike,Medium
35085,Dryer,Usage Spike,Medium
35096,Television,Usage Spike,Medium
35115,Oven,Usage Spike,Medium
35129,Dryer,Usage Spike,Medium
35145,Refrigerator,Usage Spike,Medium
35163,Microwave,Usage Spike,Medium
35185,Television,Usage Spike,Medium
35213,Dryer,Usage Spike,Medium
35232,Dryer,Usage Spike,Medium
35250,Television,Usage Spike,Medium
35268,Microwave,Usage Spike,Medium
35269,Television,Usage Spike,Medium
35290,Dryer,Usage Spike,Medium
35293,Oven,Usage Spike,Medium
35296,Television,Usage Spike,Medium
35305,Dryer,Usage Spike,Medium
35310,Television,Usage Spike,Medium
35312,Dryer,Usage Spike,Medium
35320,Television,Usage Spike,Medium
35321,Refrigerator,Usage Spike,Medium
35335,Dryer,Usage Spike,Medium
35415,Television,Usage Spike,Medium
35417,Microwave,Usage Spike,Medium
35425,Television,Usage Spike,Medium
35426,Oven,Usage Spike,Medium
35479,Dryer,Usage Spike,Medium
35487,Dryer,Usage Spike,Medium
35488,Television,Usage Spike,Medium
35515,Television,Usage Spike,Medium
35522,Television,Usage Spike,Medium
35590,Oven,Usage Spike,Medium
35600,Television,Usage Spike,Medium
35621,Television,Usage Spike,Medium
35631,Television,Usage Spike,Medium
35643,Television,Usage Spike,Medium
35673,Television,Usage Spike,Medium
35678,Television,Usage Spike,Medium
35709,Television,Usage Spike,Medium
35751,Television,Usage Spike,Medium
35764,Television,Usage Spike,Medium
35779,Television,Usage Spike,Medium
35829,Oven,Usage Spike,Medium
35980,Dryer,Usage Spike,Medium
35992,Television,Usage Spike,Medium
35996,Refrigerator,Usage Spike,Medium
36086,Dryer,Usage Spike,High
36091,Refrigerator,Usage Spike,Medium
36092,Dryer,Usage Spike,Medium
36093,Television,Usage Spike,Medium
36102,Oven,Usage Spike,Medium
36111,Dryer,Usage Spike,Medium
36136,Television,Usage Spike,Medium
36147,Television,Usage Spike,Medium
36193,Television,Usage Spike,Medium
36224,Dryer,Usage Spike,Medium
36245,Television,Usage Spike,Medium
36252,Television,Usage Spike,Medium
36268,Television,Usage Spike,Medium
36275,Oven,Usage Spike,Medium
36298,Television,Usage Spike,Medium
36321,Dryer,Usage Spike,Medium
36329,Television,Usage Spike,Medium
36365,Dryer,Usage Spike,Medium
36375,Dryer,Usage Spike,Medium
36439,Oven,Usage Spike,Medium
36508,Dryer,Usage Spike,Medium
36540,Television,Usage Spike,Medium
36547,Oven,Usage Spike,Medium
36595,Television,Usage Spike,Medium
36598,Television,Usage Spike,Medium
36601,Television,Usage Spike,Medium
36603,Oven,Usage Spike,Medium
36686,Dryer,Usage Spike,Medium
36702,Television,Usage Spike,Medium
36706,Television,Usage Spike,Medium
36714,Television,Usage Spike,Medium
36735,Dryer,Usage Spike,Medium
36742,Dryer,Usage Spike,Medium
36784,Television,Usage Spike,Medium
36785,Television,Usage Spike,Medium
36794,Oven,Usage Spike,Medium
36813,Oven,Usage Spike,High
36834,Dryer,Usage Spike,Medium
36864,Television,Usage Spike,Medium
36885,Refrigerator,Usage Spike,Medium
36901,Television,Usage Spike,Medium
36922,Oven,Usage Spike,Medium
36943,Television,Usage Spike,Medium
36965,Television,Usage Spike,Medium
37015,Oven,Usage Spike,Medium
37017,Television,Usage Spike,Medium
37019,Television,Usage Spike,Medium
37107,Television,Usage Spike,Medium
37127,Dryer,Usage Spike,Medium
37162,Television,Usage Spike,Medium
37210,Television,Usage Spike,Medium
37232,Refrigerator,Usage Spike,Medium
37234,Dryer,Usage Spike,Medium
37267,Television,Usage Spike,Medium
37316,Dryer,Usage Spike,Medium
37322,Television,Usage Spike,Medium
37344,Microwave,Usage Spike,Medium
37350,Dryer,Usage Spike,Medium
37381,Television,Usage Spike,Medium
37404,Television,Usage Spike,Medium
37406,Television,Usage Spike,Medium
37425,Television,Usage Spike,Medium
37432,Dryer,Usage Spike,Medium
37433,Television,Usage Spike,Medium
37440,Dryer,Usage Spike,Medium
37445,Microwave,Usage Spike,Medium
37519,Dryer,Usage Spike,Medium
37563,Oven,Usage Spike,Medium
37564,Television,Usage Spike,Medium
37568,Dryer,Usage Spike,Medium
37590,Television,Usage Spike,Medium
37605,Television,Usage Spike,Medium
37665,Television,Usage Spike,Medium
37707,Television,Usage Spike,Medium
37749,Dryer,Usage Spike,Medium
37778,Television,Usage Spike,Medium
37863,Television,Usage Spike,Medium
37870,Dryer,Usage Spike,Medium
37875,Television,Usage Spike,High
37905,Television,Usage Spike,Medium
37921,Dryer,Usage Spike,Medium
38005,Television,Usage Spike,Medium
38025,Television,Usage Spike,Medium
38039,Television,Usage Spike,Medium
38042,Refrigerator,Usage Spike,Medium
38048,Oven,Usage Spike,Medium
38059,Oven,Usage Spike,Medium
38107,Television,Usage Spike,Medium
38122,Television,Usage Spike,Medium
38131,Television,Usage Spike,Medium
38150,Dryer,Usage Spike,Medium
38188,Dryer,Usage Spike,Medium
38210,Television,Usage Spike,Medium
38223,Television,Usage Spike,Medium
38232,Dryer,Usage Spike,Medium
38285,Television,Usage Spike,Medium
38329,Dryer,Usage Spike,Medium
38382,Television,Usage Spike,Medium
38483,Refrigerator,Usage Spike,Medium
38571,Television,Usage Spike,Medium
38577,Television,Usage Spike,Medium
38580,Dryer,Usage Spike,High
38594,Television,Usage Spike,High
38614,Television,Usage Spike,Medium
38623,Dryer,Usage Spike,Medium
38654,Refrigerator,Usage Spike,Medium
38667,Dryer,Usage Spike,Medium
38678,Television,Usage Spike,Medium
38690,Dryer,Usage Spike,Medium
38775,Dryer,Usage Spike,Medium
38801,Television,Usage Spike,Medium
38817,Television,Usage Spike,High
38845,Refrigerator,Usage Spike,Medium
38860,Television,Usage Spike,Medium
38875,Television,Usage Spike,Medium
38876,Television,Usage Spike,Medium
38896,Dryer,Usage Spike,Medium
38953,Television,Usage Spike,Medium
38962,Television,Usage Spike,Medium
38973,Television,Usage Spike,Medium
38979,Television,Usage Spike,Medium
39050,Television,Usage Spike,Medium
39077,Refrigerator,Usage Spike,Medium
39079,Dryer,Usage Spike,Medium
39099,Television,Usage Spike,Medium
39115,Television,Usage Spike,Medium
39125,Dryer,Usage Spike,Medium
39138,Television,Usage Spike,Medium
39174,Television,Usage Spike,Medium
39221,Television,Usage Spike,Medium
39230,Television,Usage Spike,Medium
39285,Oven,Usage Spike,Medium
39334,Oven,Usage Spike,Medium
39336,Microwave,Usage Spike,Medium
39337,Refrigerator,Usage Spike,Medium
39353,Television,Usage Spike,Medium
39360,Television,Usage Spike,Medium
39362,Television,Usage Spike,High
39383,Television,Usage Spike,Medium
39471,Microwave,Usage Spike,High
39482,Television,Usage Spike,Medium
39532,Dryer,Usage Spike,Medium
39546,Dryer,Usage Spike,Medium
39547,Microwave,Usage Spike,Medium
39590,Television,Usage Spike,Medium
39601,Television,Usage Spike,Medium
39611,Television,Usage Spike,Medium
39631,Television,Usage Spike,Medium
39665,Microwave,Usage Spike,Medium
39685,Television,Usage Spike,Medium
39705,Dryer,Usage Spike,Medium
39726,Television,Usage Spike,Medium
39737,Dryer,Usage Spike,Medium
39756,Television,Usage Spike,High
39774,Television,Usage Spike,Medium
39776,Television,Usage Spike,Medium
39813,Television,Usage Spike,Medium
39845,Dryer,Usage Spike,Medium
39871,Dryer,Usage Spike,Medium
39907,Oven,Usage Spike,Medium
39911,Television,Usage Spike,Medium
39956,Television,Usage Spike,Medium
39970,Dryer,Usage Spike,Medium
39971,Television,Usage Spike,Medium
39976,Dryer,Usage Spike,Medium
39979,Dryer,Usage Spike,Medium
39982,Television,Usage Spike,Medium
39984,Television,Usage Spike,Medium
39991,Dryer,Usage Spike,Medium
40038,Television,Usage Spike,Medium
40058,Oven,Usage Spike,Medium
40078,Television,Usage Spike,Medium
40087,Dryer,Usage Spike,Medium
40138,Television,Usage Spike,Medium
40139,Television,Usage Spike,Medium
40143,Television,Usage Spike,High
40179,Dryer,Usage Spike,Medium
40208,Television,Usage Spike,Medium
40210,Refrigerator,Usage Spike,Medium
40228,Dryer,Usage Spike,Medium
40235,Television,Usage Spike,Medium
40247,Television,Usage Spike,Medium
40250,Dryer,Usage Spike,High
40259,Television,Usage Spike,Medium
40260,Television,Usage Spike,Medium
40263,Television,Usage Spike,Medium
40284,Television,Usage Spike,Medium
40287,Dryer,Usage Spike,Medium
40331,Dryer,Usage Spike,Medium
40378,Television,Usage Spike,Medium
40420,Oven,Usage Spike,Medium
40421,Television,Usage Spike,Medium
40506,Dryer,Usage Spike,Medium
40507,Television,Usage Spike,Medium
40527,Dryer,Usage Spike,Medium
40532,Microwave,Usage Spike,Medium
40539,Television,Usage Spike,Medium
40543,Television,Usage Spike,Medium
40592,Television,Usage Spike,Medium
40604,Television,Usage Spike,Medium
40619,Refrigerator,Usage Spike,Medium
40630,Television,Usage Spike,Medium
40649,Refrigerator,Usage Spike,Medium
40651,Refrigerator,Usage Spike,Medium
40657,Dryer,Usage Spike,Medium
40708,Television,Usage Spike,Medium
40724,Dryer,Usage Spike,Medium
40728,Television,Usage Spike,Medium
40730,Dryer,Usage Spike,Medium
40767,Television,Usage Spike,Medium
40783,Television,Usage Spike,Medium
40794,Dryer,Usage Spike,Medium
40798,Television,Usage Spike,High
40813,Dryer,Usage Spike,High
40830,Television,Usage Spike,Medium
40852,Television,Usage Spike,Medium
40871,Television,Usage Spike,Medium
40898,Refrigerator,Usage Spike,Medium
40920,Television,Usage Spike,Medium
40928,Dryer,Usage Spike,High
40937,Dryer,Usage Spike,Medium
40953,Refrigerator,Usage Spike,Medium
40964,Television,Usage Spike,Medium
40979,Microwave,Usage Spike,Medium
40997,Dryer,Usage Spike,Medium
40999,Dryer,Usage Spike,Medium
41025,Dryer,Usage Spike,Medium
41039,Oven,Usage Spike,Medium
41044,Television,Usage Spike,Medium
41057,Refrigerator,Usage Spike,Medium
41065,Television,Usage Spike,Medium
41112,Television,Usage Spike,Medium
41124,Refrigerator,Usage Spike,High
41184,Television,Usage Spike,Medium
41206,Television,Usage Spike,Medium
41211,Refrigerator,Usage Spike,Medium
41212,Television,Usage Spike,Medium
41218,Television,Usage Spike,Medium
41250,Oven,Usage Spike,Medium
41252,Television,Usage Spike,Medium
41269,Television,Usage Spike,Medium
41316,Oven,Usage Spike,Medium
41329,Oven,Usage Spike,Medium
41348,Television,Usage Spike,Medium
41412,Television,Usage Spike,Medium
41430,Television,Usage Spike,High
41477,Oven,Usage Spike,Medium
41525,Television,Usage Spike,Medium
41534,Dryer,Usage Spike,Medium
41603,Television,Usage Spike,Medium
41628,Dryer,Usage Spike,Medium
41655,Dryer,Usage Spike,Medium
41673,Television,Usage Spike,Medium
41684,Oven,Usage Spike,Medium
41730,Television,Usage Spike,Medium
41734,Television,Usage Spike,Medium
41797,Television,Usage Spike,Medium
41804,Dryer,Usage Spike,Medium
41822,Dryer,Usage Spike,Medium
41912,Dryer,Usage Spike,Medium
41964,Dryer,Usage Spike,Medium
41966,Microwave,Usage Spike,Medium
41997,Television,Usage Spike,Medium
42001,Dryer,Usage Spike,Medium
42087,Television,Usage Spike,Medium
42112,Television,Usage Spike,Medium
42124,Dryer,Usage Spike,Medium
42127,Dryer,Usage Spike,Medium
42132,Television,Usage Spike,Medium
42158,Television,Usage Spike,Medium
42177,Television,Usage Spike,Medium
42210,Dryer,Usage Spike,Medium
42211,Television,Usage Spike,Medium
42226,Television,Usage Spike,Medium
42234,Refrigerator,Usage Spike,Medium
42269,Television,Usage Spike,Medium
42290,Dryer,Usage Spike,Medium
42329,Television,Usage Spike,Medium
42341,Television,Usage Spike,Medium
42342,Refrigerator,Usage Spike,Medium
42360,Television,Usage Spike,Medium
42379,Microwave,Usage Spike,Medium
42389,Refrigerator,Usage Spike,Medium
42397,Television,Usage Spike,High
42417,Dryer,Usage Spike,Medium
42426,Refrigerator,Usage Spike,Medium
42428,Dryer,Usage Spike,Medium
42439,Television,Usage Spike,Medium
42450,Television,Usage Spike,Medium
42479,Oven,Usage Spike,Medium
42494,Television,Usage Spike,Medium
42602,Dryer,Usage Spike,High
42621,Dryer,Usage Spike,Medium
42639,Oven,Usage Spike,Medium
42682,Dryer,Usage Spike,Medium
42693,Television,Usage Spike,Medium
42730,Television,Usage Spike,Medium
42754,Television,Usage Spike,Medium
42775,Refrigerator,Usage Spike,Medium
42797,Television,Usage Spike,Medium
42799,Television,Usage Spike,High
42855,Television,Usage Spike,Medium
42867,Television,Usage Spike,Medium
42884,Television,Usage Spike,Medium
42895,Television,Usage Spike,Medium
42901,Television,Usage Spike,Medium
42905,Television,Usage Spike,Medium
42916,Television,Usage Spike,Medium
42924,Refrigerator,Usage Spike,Medium
42963,Dryer,Usage Spike,Medium
42969,Television,Usage Spike,Medium
42975,Television,Usage Spike,Medium
42987,Television,Usage Spike,Medium
42991,Television,Usage Spike,Medium
42998,Oven,Usage Spike,Medium
43013,Dryer,Usage Spike,Medium
43065,Oven,Usage Spike,Medium
43072,Television,Usage Spike,Medium
43075,Television,Usage Spike,Medium
43097,Refrigerator,Usage Spike,Medium
43109,Television,Usage Spike,Medium
43123,Television,Usage Spike,Medium
43153,Refrigerator,Usage Spike,Medium
43174,Television,Usage Spike,Medium
43201,Television,Usage Spike,Medium
43221,Television,Usage Spike,Medium
43237,Television,Usage Spike,Medium
43300,Television,Usage Spike,Medium
43314,Television,Usage Spike,Medium
43322,Dryer,Usage Spike,Medium
43328,Dryer,Usage Spike,Medium
43351,Oven,Usage Spike,Medium
43357,Television,Usage Spike,Medium
43369,Dryer,Usage Spike,Medium
43397,Television,Usage Spike,Medium
43402,Television,Usage Spike,Medium
43406,Television,Usage Spike,Medium
43414,Television,Usage Spike,Medium
43486,Television,Usage Spike,High
43512,Television,Usage Spike,High
43519,Dryer,Usage Spike,High
43656,Dryer,Usage Spike,Medium
43750,Television,Usage Spike,Medium
43752,Television,Usage Spike,Medium
43769,Dryer,Usage Spike,Medium
43802,Oven,Usage Spike,Medium
43809,Microwave,Usage Spike,Medium
43852,Television,Usage Spike,Medium
43860,Television,Usage Spike,Medium
43865,Dryer,Usage Spike,Medium
43866,Television,Usage Spike,Medium
43869,Television,Usage Spike,Medium
43878,Oven,Usage Spike,Medium
43913,Oven,Usage Spike,Medium
43934,Television,Usage Spike,Medium
43937,Dryer,Usage Spike,Medium
43943,Oven,Usage Spike,Medium
43952,Television,Usage Spike,Medium
43992,Television,Usage Spike,Medium
43999,Television,Usage Spike,Medium
44015,Oven,Usage Spike,Medium
44045,Television,Usage Spike,Medium
44062,Television,Usage Spike,Medium
44067,Television,Usage Spike,Medium
44082,Oven,Usage Spike,Medium
44097,Oven,Usage Spike,Medium
44099,Television,Usage Spike,Medium
44132,Television,Usage Spike,Medium
44146,Television,Usage Spike,Medium
44168,Refrigerator,Usage Spike,Medium
44236,Dryer,Usage Spike,Medium
44240,Television,Usage Spike,Medium
44250,Dryer,Usage Spike,Medium
44289,Television,Usage Spike,Medium
44324,Television,Usage Spike,Medium
44347,Oven,Usage Spike,Medium
44380,Dryer,Usage Spike,Medium
44388,Dryer,Usage Spike,Medium
44407,Refrigerator,Usage Spike,Medium
44416,Television,Usage Spike,Medium
44425,Refrigerator,Usage Spike,Medium
44428,Dryer,Usage Spike,Medium
44429,Dryer,Usage Spike,Medium
44464,Dryer,Usage Spike,Medium
44474,Television,Usage Spike,Medium
44488,Oven,Usage Spike,Medium
44505,Dryer,Usage Spike,Medium
44533,Television,Usage Spike,Medium
44541,Television,Usage Spike,Medium
44546,Oven,Usage Spike,Medium
44547,Dryer,Usage Spike,Medium
44568,Oven,Usage Spike,Medium
44578,Television,Usage Spike,Medium
44591,Television,Usage Spike,Medium
44592,Refrigerator,Usage Spike,Medium
44596,Microwave,Usage Spike,Medium
44638,Television,Usage Spike,Medium
44659,Dryer,Usage Spike,Medium
44675,Television,Usage Spike,Medium
44693,Television,Usage Spike,Medium
44699,Dryer,Usage Spike,High
44733,Dryer,Usage Spike,Medium
44742,Television,Usage Spike,Medium
44754,Oven,Usage Spike,Medium
44857,Television,Usage Spike,Medium
44874,Dryer,Usage Spike,Medium
44907,Television,Usage Spike,Medium
44932,Dryer,Usage Spike,Medium
44956,Television,Usage Spike,Medium
44977,Television,Usage Spike,Medium
45017,Dryer,Usage Spike,Medium
45074,Television,Usage Spike,Medium
45119,Television,Usage Spike,Medium
45158,Television,Usage Spike,Medium
45164,Oven,Usage Spike,Medium
45174,Dryer,Usage Spike,High
45198,Dryer,Usage Spike,Medium
45205,Television,Usage Spike,Medium
45219,Television,Usage Spike,Medium
45280,Microwave,Usage Spike,Medium
45376,Television,Usage Spike,Medium
45380,Oven,Usage Spike,Medium
45404,Television,Usage Spike,Medium
45436,Television,Usage Spike,Medium
45477,Television,Usage Spike,Medium
45485,Television,Usage Spike,Medium
45487,Television,Usage Spike,Medium
45494,Dryer,Usage Spike,Medium
45515,Television,Usage Spike,Medium
45517,Dryer,Usage Spike,Medium
45550,Television,Usage Spike,Medium
45553,Television,Usage Spike,Medium
45554,Television,Usage Spike,Medium
45564,Oven,Usage Spike,Medium
45604,Refrigerator,Usage Spike,Medium
45610,Oven,Usage Spike,Medium
45626,Refrigerator,Usage Spike,Medium
45654,Television,Usage Spike,Medium
45702,Oven,Usage Spike,Medium
45716,Television,Usage Spike,Medium
45722,Television,Usage Spike,Medium
45723,Television,Usage Spike,Medium
45737,Television,Usage Spike,Medium
45814,Microwave,Usage Spike,Medium
45819,Television,Usage Spike,High
45880,Television,Usage Spike,Medium
45883,Dryer,Usage Spike,Medium
45920,Oven,Usage Spike,Medium
45965,Television,Usage Spike,Medium
45983,Dryer,Usage Spike,Medium
45988,Oven,Usage Spike,Medium
45996,Television,Usage Spike,Medium
46010,Refrigerator,Usage Spike,Medium
46021,Television,Usage Spike,High
46050,Television,Usage Spike,Medium
46087,Dryer,Usage Spike,Medium
46099,Television,Usage Spike,Medium
46117,Refrigerator,Usage Spike,Medium
46136,Oven,Usage Spike,Medium
46184,Television,Usage Spike,Medium
46202,Television,Usage Spike,Medium
46220,Refrigerator,Usage Spike,Medium
46235,Dryer,Usage Spike,Medium
46260,Television,Usage Spike,Medium
46292,Television,Usage Spike,Medium
46335,Dryer,Usage Spike,Medium
46353,Dryer,Usage Spike,Medium
46360,Television,Usage Spike,Medium
46405,Refrigerator,Usage Spike,Medium
46425,Television,Usage Spike,High
46432,Television,Usage Spike,Medium
46457,Oven,Usage Spike,Medium
46460,Television,Usage Spike,High
46468,Dryer,Usage Spike,Medium
46505,Television,Usage Spike,Medium
46524,Television,Usage Spike,Medium
46529,Oven,Usage Spike,Medium
46532,Television,Usage Spike,Medium
46569,Dryer,Usage Spike,Medium
46585,Dryer,Usage Spike,Medium
46611,Television,Usage Spike,Medium
46613,Television,Usage Spike,Medium
46633,Dryer,Usage Spike,Medium
46648,Television,Usage Spike,Medium
46668,Television,Usage Spike,Medium
46697,Dryer,Usage Spike,Medium
46715,Television,Usage Spike,Medium
46722,Dryer,Usage Spike,Medium
46768,Television,Usage Spike,Medium
46779,Television,Usage Spike,Medium
46791,Dryer,Usage Spike,Medium
46795,Dryer,Usage Spike,Medium
46820,Television,Usage Spike,Medium
46823,Dryer,Usage Spike,Medium
46862,Television,Usage Spike,Medium
46915,Television,Usage Spike,Medium
46916,Oven,Usage Spike,High
46927,Refrigerator,Usage Spike,Medium
46933,Oven,Usage Spike,Medium
46973,Television,Usage Spike,Medium
46985,Television,Usage Spike,Medium
46989,Dryer,Usage Spike,Medium
47010,Television,Usage Spike,Medium
47052,Television,Usage Spike,Medium
47093,Microwave,Usage Spike,Medium
47120,Television,Usage Spike,Medium
47163,Television,Usage Spike,Medium
47164,Oven,Usage Spike,Medium
47165,Television,Usage Spike,Medium
47191,Dryer,Usage Spike,Medium
47200,Dryer,Usage Spike,Medium
47220,Television,Usage Spike,Medium
47305,Dryer,Usage Spike,Medium
47311,Dryer,Usage Spike,Medium
47323,Dryer,Usage Spike,Medium
47331,Television,Usage Spike,Medium
47376,Refrigerator,Usage Spike,High
47393,Television,Usage Spike,Medium
47394,Television,Usage Spike,Medium
47418,Television,Usage Spike,Medium
47422,Refrigerator,Usage Spike,Medium
47438,Television,Usage Spike,Medium
47450,Refrigerator,Usage Spike,Medium
47471,Television,Usage Spike,Medium
47472,Dryer,Usage Spike,Medium
47481,Microwave,Usage Spike,Medium
47507,Television,Usage Spike,Medium
47581,Oven,Usage Spike,Medium
47622,Television,Usage Spike,Medium
47677,Dryer,Usage Spike,Medium
47723,Television,Usage Spike,Medium
47760,Oven,Usage Spike,Medium
47816,Television,Usage Spike,Medium
47819,Television,Usage Spike,Medium
47836,Oven,Usage Spike,Medium
47843,Dryer,Usage Spike,Medium
47873,Refrigerator,Usage Spike,Medium
47876,Television,Usage Spike,Medium
47889,Television,Usage Spike,Medium
47890,Oven,Usage Spike,Medium
47897,Oven,Usage Spike,Medium
47934,Television,Usage Spike,Medium
47971,Microwave,Usage Spike,Medium
47976,Dryer,Usage Spike,Medium
47978,Television,Usage Spike,Medium
48062,Television,Usage Spike,Medium
48134,Refrigerator,Usage Spike,Medium
48159,Refrigerator,Usage Spike,Medium
48166,Refrigerator,Usage Spike,Medium
48177,Television,Usage Spike,Medium
48221,Television,Usage Spike,Medium
48246,Television,Usage Spike,Medium
48248,Television,Usage Spike,Medium
48260,Dryer,Usage Spike,Medium
48315,Microwave,Usage Spike,Medium
48375,Television,Usage Spike,Medium
48400,Television,Usage Spike,Medium
48418,Dryer,Usage Spike,Medium
48483,Television,Usage Spike,Medium
48516,Television,Usage Spike,Medium
48523,Television,Usage Spike,Medium
48608,Dryer,Usage Spike,Medium
48615,Refrigerator,Usage Spike,Medium
48666,Dryer,Usage Spike,Medium
48673,Television,Usage Spike,Medium
48694,Television,Usage Spike,Medium
48711,Dryer,Usage Spike,Medium
48728,Dryer,Usage Spike,Medium
48762,Television,Usage Spike,Medium
48775,Television,Usage Spike,High
48793,Television,Usage Spike,Medium
48808,Refrigerator,Usage Spike,Medium
48842,Refrigerator,Usage Spike,Medium
48857,Television,Usage Spike,Medium
48902,Refrigerator,Usage Spike,Medium
48919,Television,Usage Spike,Medium
48936,Television,Usage Spike,Medium
